name,adpe,pe,gwp,wue
NLD,0.00000003293,7.4815,0.25331,3.433
USA,0.00000009855,9.6884,0.38355,3.1321
